,ID,Verbal_T6,Verbal_T7,Verbal_T9,Verbal_T11,Pspeed_T6,Pspeed_T7,Pspeed_T9,Pspeed_T11,Total_6,Total_7,Total_9,Total_11,age_T6,sex,race,mo_edu,mo_educat,fa_edu,fa_educat
1,0,24.41964286,26.97916667,39.61309524,55.63988095,19.83593677,22.9693217,43.90245333,44.18683741,22.12778981,24.97424418,41.75777428,49.91335918,5.833333333,1,1,4,0,4,0
2,1,12.44047619,14.375,21.91964286,37.8125,5.898770992,13.43887794,18.28665916,40.38394784,9.169623591,13.90693897,20.10315101,39.09822392,5.916666667,2,2,6,0,5,0
3,2,32.42559524,33.51190476,34.30059524,50.17857143,27.63826344,45.02192982,46.99432405,77.71613191,30.03192934,39.26691729,40.64745964,63.94735167,6.333333333,1,1,2,2,3,1
4,3,22.69345238,28.39285714,42.1577381,44.7172619,33.15812928,29.67703349,45.97218313,61.66408669,27.92579083,29.03494532,44.06496061,53.1906743,6.333333333,2,1,2,2,2,2
5,4,28.22916667,37.8125,41.05654762,70.95238095,27.63826344,44.41774557,65.47530256,64.21767989,27.93371505,41.11512278,53.26592509,67.58503042,6.166666667,1,1,3,1,3,1
6,5,16.05654762,20.11904762,38.02083333,39.94047619,8.445562436,15.77845014,26.98717047,39.08199643,12.25105503,17.94874888,32.5040019,39.51123631,5.666666667,1,1,2,2,2,2
7,6,8.49702381,16.48809524,28.70535714,40.83333333,4.847781218,17.23871845,30.75100854,41.02706633,6.672402514,16.86340685,29.72818284,40.93019983,6.166666667,2,2,4,0,6,0
8,7,14.10714286,20.92261905,21.5327381,25.68452381,18.71962661,21.42989492,33.63413547,42.35634206,16.41338473,21.17625699,27.58343678,34.02043293,6.083333333,2,2,6,0,6,0
9,8,15.52083333,23.36309524,37.41071429,45.52083333,13.37203302,20.13005441,35.363308,38.52765269,14.44643318,21.74657483,36.38701114,42.02424301,6.083333333,2,1,4,0,4,0
10,9,20.07440476,33.37797619,37.70833333,48.64583333,15.26374425,23.6676752,42.59029928,48.39138287,17.66907451,28.5228257,40.14931631,48.5186081,5.916666667,2,1,3,1,4,0
11,11,21.5922619,30.99702381,41.38392857,55,14.29449292,27.24223661,32.69173938,48.16868374,17.94337741,29.11963021,37.03783397,51.58434187,5.75,1,1,3,1,4,0
12,14,15.56547619,19.70238095,26.68154762,34.0922619,11.12193921,19.84930575,32.86553617,35.60711605,13.3437077,19.77584335,29.77354189,34.84968898,6.25,1,2,4,0,4,0
13,15,20.0297619,25.41666667,22.42559524,30.89285714,11.4628483,16.87623135,28.18064546,34.31794727,15.7463051,21.14644901,25.30312035,32.60540221,5.583333333,2,2,4,0,7,0
14,16,22.75297619,29.44940476,32.99107143,46.9047619,18.58898583,35.61168965,36.80880008,56.19628952,20.67098101,32.53054721,34.89993575,51.55052571,6,2,1,3,1,3,1
15,17,18.05059524,27.03869048,27.24702381,32.39583333,10.50696594,23.19155174,38.25417488,52.01179754,14.27878059,25.11512111,32.75059934,42.20381544,5.75,1,1,3,1,5,0
16,21,22.54464286,26.68154762,28.33333333,41.97916667,23.27329018,30.09182381,44.70095694,45.50626231,22.90896652,28.38668572,36.51714514,43.74271449,5.916666667,2,1,2,2,3,1
17,23,11.2202381,19.44940476,21.71130952,39.28571429,10.09663195,29.50933483,28.57561685,32.81241205,10.65843502,24.4793698,25.14346319,36.04906317,6,2,2,4,0,4,0
18,24,22.96130952,25.26785714,27.44047619,30.53571429,18.84815649,27.0314992,39.28358664,46.40866873,20.90473301,26.14967817,33.36203142,38.47219151,6.416666667,2,2,4,0,6,0
19,27,15.625,20.17857143,29.43452381,38.79464286,32.05002815,27.25877193,42.31013697,51.33924383,23.83751407,23.71867168,35.87233039,45.06694334,6.25,2,1,3,1,3,1
20,28,17.93154762,29.07738095,39.41964286,55.16369048,31.58821184,36.77526034,53.47206586,58.48637302,24.75987973,32.92632065,46.44585436,56.82503175,5.75,2,1,3,1,2,2
21,29,21.02678571,28.39285714,39.375,60.38690476,17.65831692,21.61401163,40.00902993,46.67452388,19.34255131,25.00343439,39.69201496,53.53071432,7.333333333,1,1,3,1,2,2
22,30,21.50297619,20.80357143,30,54.27083333,10.15010789,20.35064265,42.16507177,59.61206492,15.82654204,20.57710704,36.08253589,56.94144913,5.833333333,2,1,6,0,6,0
23,31,20.29761905,28.13988095,27.38095238,30.68452381,17.45625762,17.69021484,33.61150202,43.31116897,18.87693834,22.9150479,30.4962272,36.99784639,6.083333333,1,2,3,1,3,1
24,32,15.32738095,18.88392857,21.96428571,31.63690476,8.902687869,20.442701,33.85214373,40.27898959,12.11503441,19.66331479,27.90821472,35.95794717,5.583333333,1,2,4,0,4,0
25,33,15.63988095,14.47916667,16.66666667,27.29166667,12.24903837,19.69708697,27.70663289,39.14426775,13.94445966,17.08812682,22.18664978,33.21796721,6.166666667,2,2,4,0,5,0
26,34,25.81845238,35.20833333,45.41666667,66.51785714,35.24615349,36.78300028,56.25023454,68.57901773,30.53230293,35.99566681,50.83345061,67.54843744,5.916666667,1,1,3,1,4,0
27,35,24.83630952,30.86309524,47.54464286,56.69642857,24.85387935,42.84278544,62.88429965,64.0705038,24.84509444,36.85294034,55.21447126,60.38346619,5.583333333,1,1,2,2,1,2
28,36,28.57142857,34.31547619,44.01785714,62.23214286,32.28398536,46.19370954,44.05690027,61.13249367,30.42770697,40.25459287,44.03737871,61.68231826,5.833333333,2,1,1,2,1,2
29,37,21.07142857,25.08928571,40.17857143,56.14583333,28.57561685,40.03377428,48.43090346,57.3100197,24.82352271,32.56152999,44.30473745,56.72792652,5.916666667,2,1,2,2,1,2
30,38,17.1577381,20.625,34.83630952,37.88690476,13.30366357,22.80537574,36.42004409,62.1994324,15.23070083,21.71518787,35.62817681,50.04316858,5.75,1,2,2,2,3,1
31,39,27.55952381,33.64583333,51.07142857,64.27083333,25.16347687,37.92862839,47.42412515,54.39546393,26.36150034,35.78723086,49.24777686,59.33314863,5.666666667,1,1,3,1,3,1
32,41,27.82738095,37.87202381,36.54761905,50.84821429,20.0939347,31.7804203,51.33654658,60.03471245,23.96065783,34.82622206,43.94208281,55.44146337,6.5,2,1,3,1,3,1
33,42,18.60119048,32.60416667,39.27083333,54.86607143,21.98165869,40.85491134,48.49669294,49.51578478,20.29142458,36.729539,43.88376313,52.19092811,6.583333333,2,2,5,0,6,0
34,43,19.0327381,32.27678571,37.5,49.16666667,18.46045595,26.56452294,51.85383244,50.90311005,18.74659702,29.42065433,44.67691622,50.03488836,5.75,2,1,3,1,3,1
35,45,19.25595238,31.44345238,34.56845238,34.30059524,14.79582982,29.30364012,44.55131813,48.89013979,17.0258911,30.37354625,39.55988526,41.59536751,6.25,1,1,5,0,6,0
36,47,20.0297619,19.92559524,28.02083333,34.13690476,21.38005441,23.57866592,33.16610376,52.04006004,20.70490816,21.75213058,30.59346855,43.0884824,6.25,2,1,6,0,5,0
37,48,19.43452381,29.375,45.80357143,61.36904762,18.07275542,21.24120462,39.11846796,54.62437846,18.75363961,25.30810231,42.4610197,57.99671304,5.75,1,1,4,0,4,0
38,50,15.47619048,24.15178571,31.47321429,44.53869048,23.29486819,32.87738062,48.3143353,67.89356412,19.38552933,28.51458317,39.89377479,56.2161273,5.916666667,2,1,2,2,2,2
39,51,12.8422619,19.28571429,25.08928571,32.55952381,22.10197955,29.1262079,52.46833662,68.38469838,17.47212073,24.20596109,38.77881117,50.47211109,6.666666667,2,2,4,0,3,1
40,52,19.95535714,36.29464286,35.44642857,48.33333333,20.31569566,30.04315602,51.05849517,58.87207993,20.1355264,33.16889944,43.25246187,53.60270663,5.583333333,1,2,4,0,6,0
41,53,6.577380952,11.42857143,21.69642857,31.2797619,9.199385496,24.95930669,36.17529787,45.43683741,7.888383224,18.19393906,28.93586322,38.35829966,5.666666667,1,2,6,0,7,0
42,55,17.87202381,25,34.0922619,43.03571429,24.64877099,36.6436814,39.22237077,54.29003659,21.2603974,30.8218407,36.65731634,48.66287544,6.25,2,1,3,1,3,1
43,56,20.49107143,27.24702381,34.88095238,49.80654762,20.71981424,36.48841355,46.83131626,63.10594333,20.60544284,31.86771868,40.85613432,56.45624548,6.416666667,2,1,3,1,2,2
44,58,23.69047619,24.375,31.47321429,42.5,22.17550896,26.70501454,48.78940332,54.35394971,22.93299258,25.54000727,40.1313088,48.42697486,5.916666667,1,1,4,0,3,1
45,60,8.720238095,24.10714286,30.63988095,39.9702381,2.8624871,9.31044188,21.42989492,27.3337086,5.791362598,16.70879237,26.03488794,33.65197335,5.583333333,1,2,6,0,6,0
46,61,27.29166667,30.43154762,48.92857143,62.38095238,29.58438878,41.4811427,51.3011305,61.10364481,28.43802772,35.95634516,50.11485096,61.74229859,5.833333333,2,1,3,1,2,2
47,62,13.31845238,17.33630952,32.8422619,44.82142857,19.11401163,32.82331832,42.90658129,46.54493855,16.21623201,25.07981392,37.8744216,45.68318356,6.083333333,2,1,3,1,3,1
48,63,35.14880952,30.11904762,41.62202381,54.49404762,28.68503143,38.91535322,49.64138287,60.63784126,31.91692048,34.51720042,45.63170334,57.56594444,6.416666667,1,1,3,1,3,1
49,65,20.71428571,27.72321429,30.43154762,36.5625,18.42550896,22.97964162,35.37679426,43.40416549,19.56989734,25.35142795,32.90417094,39.98333275,5.666666667,2,2,2,2,2,2
50,69,12.38095238,19.19642857,24.74702381,30.63988095,19.54850361,29.77003002,44.05725209,57.18653251,15.964728,24.4832293,34.40213795,43.91320673,6.083333333,1,2,4,0,#,#
51,70,23.48214286,34.4047619,40.20833333,48.94345238,24.68371798,39.99566094,48.40006098,68.24010226,24.08293042,37.20021142,44.30419716,58.59177732,6.416666667,2,1,3,1,5,0
52,71,16.57738095,20.9672619,29.18154762,35.25297619,7.227460362,20.48433249,24.22917253,40.12067267,11.90242066,20.7257972,26.70536007,37.68682443,6.333333333,2,2,4,0,4,0
53,72,17.5297619,30.0297619,34.6577381,50.35714286,17.33077681,34.65017825,40.57873628,52.83187916,17.43026936,32.33997008,37.61823719,51.59451101,6.083333333,2,2,4,0,6,0
54,73,13.27380952,22.58928571,23.61607143,36.35416667,2.521578009,10.49770147,28.2058589,31.181396,7.897693767,16.54349359,25.91096516,33.76778134,6.083333333,2,2,6,0,6,0
55,74,26.10119048,34.7172619,52.70833333,54.59821429,31.82943991,37.42729149,44.71080777,60.92316352,28.96531519,36.0722767,48.70957055,57.7606889,5.916666667,1,1,3,1,4,0
56,75,13.02083333,15.75892857,24.73214286,22.73809524,6.492166244,22.47889108,21.7559105,31.12182193,9.756499789,19.11890982,23.24402668,26.92995859,6,2,2,6,0,3,1
57,77,16.04166667,18.75,33.49702381,45.56547619,23.15296932,24.90430622,31.66432123,51.67182663,19.59731799,21.82715311,32.58067252,48.61865141,5.833333333,2,1,4,0,3,1
58,79,27.45535714,36.13095238,41.77083333,58.45238095,15.62623135,34.7314476,45.43988648,52.49355005,21.54079425,35.43119999,43.60535991,55.4729655,6.166666667,1,1,3,1,3,1
59,80,14.70238095,21.10119048,25.19345238,33.0952381,1.688596491,19.47649873,34.2933202,36.17623604,8.195488722,20.2888446,29.74338629,34.63573707,6.166666667,1,1,4,0,6,0
60,83,31.32440476,36.97916667,42.82738095,55.9672619,23.49387841,37.03970823,52.6617178,56.25586359,27.40914159,37.00943745,47.74454937,56.11156275,6.416666667,1,1,2,2,2,2
61,84,18.45238095,26.41369048,29.6875,48.73511905,7.742166244,17.27061638,35.68521906,36.71979079,13.0972736,21.84215343,32.68635953,42.72745492,5.583333333,1,2,3,1,6,0
62,86,10.55059524,13.21428571,25.625,34.0922619,9.272914908,20.45759452,44.08915001,43.64433812,9.911755073,16.83594012,34.85707501,38.86830001,6.25,1,2,6,0,4,0
63,87,27.57440476,26.20535714,35.44642857,58.98809524,15.80002815,32.58830566,43.76313444,55.58436533,21.68721645,29.3968314,39.60478151,57.28623028,5.833333333,1,1,2,2,2,2
64,88,22.79761905,34.64285714,40.16369048,47.93154762,31.39119523,47.3274932,48.09773431,64.00365888,27.09440714,40.98517517,44.13071239,55.96760325,6.25,2,1,3,1,2,2
65,89,17.73809524,18.24404762,26.51785714,36.08630952,11.88655127,15.06168496,25.5387466,26.54716671,14.81232325,16.65286629,26.02830187,31.31673812,6.333333333,2,2,4,0,4,0
66,90,10.14880952,18.82440476,29.28571429,36.39880952,9.104747162,12.32514776,31.51984239,36.70747725,9.626778343,15.57477626,30.40277834,36.55314339,6,1,2,4,0,5,0
67,91,15.23809524,15.53571429,20.53571429,24.6577381,14.8091988,14.15564312,34.1262079,34.15400131,15.02364702,14.8456787,27.33096109,29.4058697,6.416666667,2,2,4,0,3,1
68,92,13.95833333,14.59821429,23.92857143,37.90178571,8.992166244,19.7572474,26.85652969,31.48372268,11.47524979,17.17773084,25.39255056,34.6927542,6.166666667,2,2,4,0,4,0
69,94,26.50297619,33.42261905,44.30059524,48.83928571,15.84986866,27.06585984,28.25311943,36.83846984,21.17642242,30.24423944,36.27685733,42.83887778,6.416666667,2,1,2,2,2,2
70,95,11.5625,18.92857143,23.31845238,32.32142857,12.76374425,19.82045689,40.59679613,57.52380617,12.16312213,19.37451416,31.95762426,44.92261737,5.916666667,1,2,6,0,6,0
71,96,17.61904762,29.36011905,32.58928571,40.41666667,13.77978703,33.39349376,38.09679613,54.01139882,15.69941733,31.3768064,35.34304092,47.21403274,6,2,1,5,0,6,0
72,97,16.51785714,22.48511905,19.47916667,37.36607143,17.29582982,19.47649873,37.66992682,40.19244301,16.90684348,20.98080889,28.57454674,38.77925722,6.083333333,2,2,4,0,4,0
73,98,13.4375,26.51785714,26.08630952,30.9672619,11.65259405,22.53799606,29.75255653,40.37104794,12.54504703,24.5279266,27.91943302,35.66915492,6.083333333,2,2,4,0,4,0
74,99,10.86309524,17.93154762,21.23511905,26.08630952,2.347781218,20.61286237,26.60369172,34.87698189,6.605438228,19.27220499,23.91940538,30.48164571,5.916666667,2,2,5,0,5,0
75,101,20.13392857,24.30059524,34.83630952,33.7202381,36.51010883,32.63157895,47.89004597,53.60997748,28.3220187,28.46608709,41.36317775,43.66510779,5.916666667,1,1,3,1,3,1
76,103,24.07738095,26.8452381,28.80952381,37.70833333,14.65135097,18.58077681,30.82770429,39.8382822,19.36436596,22.71300745,29.81861405,38.77330777,6.5,2,2,4,0,5,0
77,104,21.02678571,30.74404762,37.2172619,57.85714286,19.97783563,32.6999484,46.26418989,61.13143822,20.50231067,31.72199801,41.7407259,59.49429054,6.25,2,2,2,2,3,1
78,106,26.05654762,22.7827381,37.33630952,41.26488095,21.60064265,32.63157895,42.95841542,60.92163899,23.82859513,27.70715852,40.14736247,51.09325997,6.083333333,1,1,3,1,2,2
79,107,21.48809524,25.99702381,33.25892857,40.10416667,9.354653345,14.88061732,29.29074022,41.15923164,15.42137429,20.43882056,31.2748344,40.63169915,6.333333333,2,2,3,1,#,#
80,108,33.95833333,37.5,52.8422619,57.4702381,35.96350502,33.98688901,49.37552772,64.75490196,34.96091918,35.74344451,51.10889481,61.11257003,6.333333333,2,1,3,1,3,1
81,109,13.27380952,20.0297619,21.68154762,30.01488095,14.53103012,15.11152547,27.94973731,39.33542077,13.90241982,17.57064369,24.81564247,34.67515086,5.833333333,2,2,4,0,6,0
82,111,24.47916667,24.27083333,37.1875,39.0625,20.38664509,21.80270194,41.10165119,55.99211934,22.43290588,23.03676764,39.14457559,47.52730967,6.166666667,1,2,3,1,3,1
83,112,17.20238095,28.18452381,28.48214286,43.54166667,19.24922601,25.84165963,40.35615442,43.0304203,18.22580348,27.01309172,34.41914864,43.28604348,5.666666667,1,1,3,1,3,1
84,113,19.04761905,29.3452381,34.16666667,45.71428571,20.27195328,21.46179285,43.98419176,57.36396472,19.65978616,25.40351547,39.07542921,51.53912522,6.416666667,2,1,3,1,6,0
85,114,15.83333333,16.25,26.04166667,35.83333333,11.86286237,25.06989399,38.90245333,53.07404541,13.84809785,20.65994699,32.47206,44.45368937,6.25,1,1,6,0,6,0
86,116,18.24404762,26.5625,30.9672619,40.84821429,17.83211371,36.20051131,46.94037902,61.92337461,18.03808066,31.38150565,38.95382046,51.38579445,6.083333333,1,1,3,1,4,0
87,117,23.06547619,20.9375,30.3422619,27.69345238,13.83994746,20.49254151,32.46388029,43.73534103,18.45271183,20.71502076,31.4030711,35.7143967,5.5,2,2,2,2,3,1
88,118,19.25595238,21.96428571,28.45238095,42.05357143,3.553569753,18.12623135,48.13021859,68.28794915,11.40476107,20.04525853,38.29129977,55.17076029,6.25,1,2,5,0,5,0
89,119,22.1875,27.7827381,32.4702381,37.39583333,13.13655127,19.77061638,30.38347875,52.92229571,17.66202564,23.77667724,31.42685842,45.15906452,5.75,2,2,5,0,4,0
90,120,28.27380952,31.8452381,34.86607143,52.5,24.88214185,40.7997936,54.97560747,64.03719861,26.57797569,36.32251585,44.92083945,58.26859931,6.166666667,1,1,6,0,4,0
91,121,18.42261905,19.70238095,25.29761905,30.74404762,3.235294118,7.930856553,14.18754105,20.5059105,10.82895658,13.81661875,19.74258005,25.62497906,6.5,1,2,3,1,5,0
92,122,26.10119048,32.64880952,35.17857143,54.89583333,32.95900178,38.10136973,47.25443287,50.41877756,29.53009613,35.37508963,41.21650215,52.65730545,6.083333333,2,1,2,2,2,2
93,123,23.00595238,32.85714286,35.17857143,51.60714286,23.81989399,33.66251525,45.32120743,67.21737499,23.41292318,33.25982905,40.24988943,59.41225892,5.916666667,2,1,3,1,6,0
94,124,12.12797619,22.5297619,26.81547619,36.01190476,12.76374425,22.44957313,27.77957595,56.41898865,12.44586022,22.48966752,27.29752607,46.21544671,6.333333333,1,2,2,2,4,0
95,125,14.00297619,26.02678571,35.75892857,44.85119048,27.85885167,41.19582043,44.83312224,62.4642321,20.93091393,33.61130307,40.29602541,53.65771129,6.416666667,1,1,2,2,2,2
96,126,18.61607143,19.38988095,24.92559524,37.17261905,14.284173,22.99254151,33.53480627,45.69964349,16.45012221,21.19121123,29.23020075,41.43613127,5.916666667,2,1,3,1,4,0
97,127,21.96428571,27.55952381,39.01785714,49.94047619,18.61419927,45.74690402,43.53797261,63.72396566,20.28924249,36.65321392,41.27791487,56.83222093,6.5,1,1,3,1,3,1
98,128,31.33928571,25.14880952,41.66666667,50.9375,34.28358664,37.24681021,57.8570926,68.49364387,32.81143618,31.19780987,49.76187963,59.71557193,6.416666667,1,1,3,1,3,1
99,129,12.12797619,23.63095238,26.11607143,55.58035714,28.03206211,37.48944554,44.70353692,63.11661507,20.08001915,30.56019896,35.40980417,59.34848611,6.083333333,1,1,3,1,3,1
100,130,16.20535714,26.93452381,21.42857143,40.01488095,8.006965944,15.46838353,32.36513744,37.46540482,12.10616154,21.20145367,26.89685444,38.74014289,6.5,2,2,6,0,#,#
101,131,15.56547619,23.73511905,31.5922619,32.2172619,16.87623135,24.18754105,37.364082,49.37916315,16.22085377,23.96133005,34.47817195,40.79821253,6.416666667,2,2,5,0,6,0
102,132,20.75892857,21.07142857,39.80654762,48.06547619,30.54390656,39.83054226,57.85345717,70.40751947,25.65141756,30.45098542,48.8300024,59.23649783,5.583333333,2,1,3,1,2,2
103,133,20.50595238,26.41369048,35.87797619,42.20238095,11.5605357,24.59681959,36.16251525,55.92832348,16.03324404,25.50525503,36.02024572,49.06535222,5.75,1,2,2,2,3,1
104,134,16.5922619,25.05952381,28.06547619,33.94345238,9.493503143,17.4480486,26.42989492,32.68341308,13.04288252,21.2537862,27.24768556,33.31343273,5.75,2,2,3,1,#,#
105,135,3.333333333,5.952380952,12.60416667,17.35119048,3.755629046,18.42550896,25.06989399,26.21446665,3.54448119,12.18894496,18.83703033,21.78282856,5.916666667,1,2,3,1,5,0
106,136,10.40178571,16.77083333,24.47916667,33.4077381,8.90010789,18.49903837,29.4604325,40.60805423,9.650946802,17.63493585,26.96979958,37.00789616,6.416666667,2,2,6,0,6,0
107,137,12.06845238,21.75595238,26.29464286,36.2797619,11.11935923,15.11152547,32.66077962,41.23534103,11.5939058,18.43373893,29.47771124,38.75755147,6.5,2,2,6,0,6,0
108,138,18.4077381,21.54761905,29.27083333,41.57738095,13.24350314,14.34796885,31.27298527,47.5922929,15.82562062,17.94779395,30.2719093,44.58483693,5.833333333,1,1,6,0,6,0
109,139,20.04464286,23.33333333,33.34821429,34.80654762,19.82772774,41.12756825,38.94631298,49.17088845,19.9361853,32.23045079,36.14726363,41.98871804,6.333333333,1,2,3,1,7,0
110,141,19.55357143,25.72916667,33.79464286,35.46130952,18.95616381,14.84672577,34.64091378,44.53384464,19.25486762,20.28794622,34.21777832,39.99757708,6.25,1,1,3,1,2,2
111,142,19.31547619,22.79761905,34.56845238,36.96428571,11.09109673,29.01984239,35.31041843,38.89787973,15.20328646,25.90873072,34.9394354,37.93108272,5.666666667,2,1,3,1,3,1
112,143,17.51488095,18.58630952,21.5327381,32.5297619,8.512407355,17.37756825,35.89548738,43.30131813,13.01364415,17.98193889,28.71411274,37.91554002,6.333333333,2,2,3,1,4,0
113,144,24.00297619,26.63690476,35.32738095,39.61309524,27.73184633,35.37679426,52.44370954,55.21882916,25.86741126,31.00684951,43.88554525,47.4159622,5.583333333,1,1,3,1,2,2
114,145,21.97916667,24.77678571,36.23511905,49.98511905,28.65735529,38.614082,51.17412515,58.7903415,25.31826098,31.69543386,43.7046221,54.38773027,6.25,2,1,2,2,2,2
115,146,30.80357143,35.07440476,51.33928571,72.58928571,30.363308,41.5613566,58.58511586,61.57308378,30.58343972,38.31788068,54.96220079,67.08118475,6.416666667,1,1,3,1,3,1
116,147,16.88988095,30.13392857,33.92857143,44.67261905,19.09911812,38.46186321,37.85556806,63.89670701,17.99449953,34.29789589,35.89206975,54.28466303,6.166666667,1,1,3,1,3,1
117,148,19.25595238,28.67559524,36.30952381,46.86011905,14.01374425,34.68160709,39.05572755,55.63479219,16.63484832,31.67860117,37.68262568,51.24745562,6.166666667,1,1,4,0,3,1
118,149,29.07738095,28.03571429,37.39583333,46.26488095,15.2822732,19.81740782,25.77364199,35.89548738,22.17982707,23.92656106,31.58473766,41.08018417,6.25,2,2,6,0,6,0
119,150,22.58928571,32.48511905,41.72619048,47.5297619,27.85885167,41.90941927,48.94560934,50.75347125,25.22406869,37.19726916,45.33589991,49.14161657,6.333333333,2,1,3,1,3,1
120,151,13.21428571,24.41964286,29.82142857,64.0922619,12.68505488,32.8762079,41.49298715,69.13793508,12.9496703,28.64792538,35.65720786,66.61509849,6.333333333,1,1,4,0,3,1
121,152,19.92559524,25.13392857,30.9672619,34.83630952,3.377192982,10.60465334,29.18636833,43.8140304,11.65139411,17.86929096,30.07681512,39.32516996,6.333333333,1,2,6,0,7,0
122,153,14.22619048,15.89285714,27.2172619,39.07738095,12.98433249,17.46962661,41.02507271,51.74031335,13.60526148,16.68124187,34.12116731,45.40884715,6,1,2,4,0,3,1
123,156,22.73809524,35.61011905,43.125,53.69047619,27.56297495,39.18683741,46.66103762,57.84208181,25.15053509,37.39847823,44.89301881,55.766279,5.583333333,1,1,2,2,2,2
124,157,19.07738095,27.12797619,36.2797619,54.6577381,27.12355756,32.59182381,49.73179942,56.8307299,23.10046925,29.8599,43.00578066,55.744234,5.916666667,1,1,3,1,2,2
125,159,21.72619048,30,43.03571429,60.89285714,19.47649873,42.16706539,57.59792194,77.19216155,20.6013446,36.0835327,50.31681811,69.04250935,6.416666667,1,1,3,1,3,1
126,160,26.93452381,30.23809524,47.09821429,64.74702381,23.5271836,39.49233043,47.66945774,57.36806924,25.23085371,34.86521283,47.38383601,61.05754652,5.583333333,1,2,2,2,2,2
127,161,22.5,29.82142857,33.30357143,48.89880952,22.76163336,36.67909748,39.1262079,72.35364481,22.63081668,33.25026302,36.21488966,60.62622717,6.25,2,1,3,1,2,2
128,162,19.44940476,21.54761905,25.35714286,42.58928571,14.79582982,18.74120462,36.74746693,60.12313538,17.12261729,20.14441183,31.05230489,51.35621055,6.583333333,1,2,5,0,4,0
129,163,17.09821429,23.21428571,35.14880952,44.18154762,7.710268318,21.19288864,33.60786659,46.27650342,12.4042413,22.20358718,34.37833806,45.22902552,5.583333333,2,2,3,1,6,0
130,164,16.51785714,17.05357143,31.9047619,33.7797619,9.288863871,10.77845014,21.60310536,35.14787973,12.90336051,13.91601078,26.75393363,34.46382082,5.5,2,2,4,0,5,0
131,165,23.08035714,26.16071429,35.14880952,52.82738095,22.36724833,16.81607093,35.5998452,45.86511399,22.72380274,21.48839261,35.37432736,49.34624747,5.583333333,2,1,2,2,2,2
132,166,20.26785714,20.92261905,37.58928571,48.21428571,14.35465334,31.75415142,39.5734825,59.3681396,17.31125524,26.33838523,38.58138411,53.79121266,6.5,2,1,3,1,2,2
133,168,26.50297619,30.95238095,40.10416667,55.68452381,27.01965475,44.07988554,39.68055165,61.34217563,26.76131547,37.51613325,39.89235916,58.51334972,6.083333333,2,1,2,2,2,2
134,169,26.74107143,29.49404762,42.2172619,43.51190476,17.03665916,29.60760859,44.31442912,55.73857773,21.88886529,29.55082811,43.26584551,49.62524124,5.583333333,2,1,2,2,3,1
135,170,20.71428571,28.28869048,33.57142857,46.875,21.54048222,31.05861244,34.72159677,64.5024158,21.12738397,29.67365146,34.14651267,55.6887079,6.666666667,2,1,3,1,2,2
136,173,21.69642857,23.06547619,24.88095238,35.66964286,13.59109673,25.7058589,38.47417675,38.97856272,17.64376265,24.38566754,31.67756457,37.32410279,6.416666667,2,1,3,1,2,2
137,174,21.2797619,27.45535714,28.80952381,45.77380952,19.50171217,28.35502861,39.45316165,50.25377615,20.39073704,27.90519288,34.13134273,48.01379284,6.75,1,1,3,1,3,1
138,175,17.08333333,22.1577381,31.8452381,43.7202381,7.823904681,22.75342434,25.90850455,53.31069988,12.45361901,22.45558122,28.87687132,48.51546899,6.583333333,1,2,4,0,6,0
139,176,18.98809524,27.32142857,25.52083333,41.78571429,25.79181912,30.97886762,42.43444507,50.09487288,22.38995718,29.1501481,33.9776392,45.94029358,5.833333333,2,1,3,1,2,2
140,177,26.74107143,37.29166667,44.10714286,53.57142857,36.35789005,57.11874941,66.48935172,78.7142321,31.54948074,47.20520804,55.29824729,66.14283034,6.416666667,1,1,3,1,2,2
141,178,17.09821429,19.70238095,25.63988095,39.28571429,17.80385121,29.74903837,52.15369641,53.42421897,17.45103275,24.72570966,38.89678868,46.35496663,6.583333333,1,2,3,1,6,0
142,179,13.79464286,15.25297619,23.7797619,31.47321429,12.15135097,23.64246177,30.35885167,41.40303968,12.97299691,19.44771898,27.06930679,36.43812699,6,2,2,4,0,5,0
143,180,14.82142857,34.31547619,35.19345238,46.19047619,28.37355756,45.07997936,47.85040811,60.23770992,21.59749306,39.69772778,41.52193024,53.21409305,6.083333333,2,1,2,2,2,2
144,181,13.85416667,25.19345238,23.57142857,31.8452381,6.413476874,16.89218032,17.45930669,38.76160991,10.13382177,21.04281635,20.51536763,35.303424,5.75,2,2,3,1,5,0
145,183,10.71428571,21.69642857,27.26190476,35.35714286,16.20625762,26.58305188,40.96385683,45.95717234,13.46027167,24.13974023,34.1128808,40.6571576,6.416666667,1,2,6,0,3,1
146,184,20.17857143,27.1577381,33.34821429,50.25297619,23.80957407,39.27690215,32.88183695,55.65379022,21.99407275,33.21732012,33.11502562,52.95338321,6,1,1,2,2,1,2
147,185,32.60416667,39.85119048,42.61904762,54.64285714,20.42417206,37.42987147,46.01733277,65.80753354,26.51416936,38.64053097,44.31819019,60.22519534,6.166666667,2,1,2,2,3,1
148,186,18.39285714,21.02678571,35.47619048,36.45833333,17.75037527,25.98660756,37.57845483,43.33790693,18.07161621,23.50669664,36.52732265,39.89812013,6.166666667,2,1,3,1,3,1
149,187,9.970238095,16.78571429,21.74107143,19.0625,12.71026832,24.06874472,31.44173938,30.5433202,11.34025321,20.4272295,26.5914054,24.8029101,5.916666667,2,2,4,0,4,0
150,188,19.3452381,25.98214286,32.79761905,40.10416667,18.5591988,19.14227413,34.42231917,52.47560747,18.95221845,22.5622085,33.60996911,46.28988707,6.083333333,1,2,4,0,6,0
151,189,20.75892857,27.05357143,34.00297619,49.12202381,33.47382494,35.738695,52.2909044,58.74355005,27.11637675,31.39613321,43.1469403,53.93278693,6.25,2,1,2,2,2,2
152,190,24.15178571,24.25595238,33.13988095,52.24702381,28.15812928,37.00358852,43.63566001,61.97321512,26.1549575,30.62977045,38.38777048,57.11011947,5.916666667,1,1,2,2,2,2
153,191,22.29166667,26.14583333,30.99702381,47.11309524,22.64494793,30.77422835,46.94178628,65.24439441,22.4683073,28.46003084,38.96940505,56.17874482,5.916666667,1,1,3,1,1,2
154,192,28.33333333,32.5,44.07738095,61.45833333,31.48794446,33.11942959,45.1288817,59.87885824,29.9106389,32.8097148,44.60313132,60.66859579,6.25,1,1,2,2,3,1
155,193,16.36904762,25.98214286,30.74404762,37.58928571,7.726217281,19.52329018,42.3557557,43.32864246,12.04763245,22.75271652,36.54990166,40.45896409,5.666666667,2,1,3,1,3,1
156,194,15.05952381,16.68154762,27.35119048,34.61309524,15.26374425,25.57427995,32.13786472,48.05715827,15.16163403,21.12791379,29.7445276,41.33512675,5.666666667,2,2,6,0,6,0
157,195,10.08928571,17.73809524,17.14285714,21.2797619,2.423890609,8.136551271,17.77195328,23.98583357,6.256588162,12.93732325,17.45740521,22.63279774,5.833333333,1,2,3,1,4,0
158,196,18.36309524,12.96130952,26.54761905,29.47916667,17.00171217,20.27195328,39.02945867,57.10948494,17.6824037,16.6166314,32.78853886,43.2943258,6,1,2,6,0,3,1
159,197,13.125,17.03869048,23.63095238,22.8422619,0,7.826953748,7.807955718,10.26374425,6.5625,12.43282211,15.71945405,16.55300308,5.583333333,2,2,5,0,5,0
160,198,18.4077381,23.05059524,35.13392857,47.41071429,21.52453326,33.31374894,41.33971292,55.80131813,19.96613568,28.18217209,38.23682075,51.60601621,6.583333333,2,1,2,2,3,1
161,199,15.95238095,30.13392857,32.63392857,43.4375,17.65831692,25.43238109,44.14673046,57.27296182,16.80534893,27.78315483,38.39032952,50.35523091,6.083333333,2,1,3,1,3,1
162,200,6.592261905,18.51190476,28.55654762,31.05654762,9.013744254,17.8387982,35.14893517,47.81956563,7.803003079,18.17535148,31.8527414,39.43805662,5.916666667,1,2,3,1,3,1
163,202,18.13988095,26.91964286,37.11309524,54.33035714,14.97267567,18.74120462,35.99481659,51.90484567,16.55627831,22.83042374,36.55395591,53.11760141,5.916666667,1,1,3,1,3,1
164,203,21.65178571,24.73214286,28.79464286,42.7827381,22.36419927,30.83743785,46.3659818,65.32613285,22.00799249,27.78479035,37.58031233,54.05443547,5.75,1,1,3,1,2,2
165,207,15.99702381,20.5952381,26.29464286,38.80952381,16.20062858,15.85713951,29.88577728,38.92567314,16.09882619,18.2261888,28.09021007,38.86759847,6.25,1,2,6,0,7,0
166,208,18.94345238,17.08333333,24.83630952,29.3452381,13.25945211,20.43238109,31.04876161,45.00492542,16.10145224,18.75785721,27.94253557,37.17508176,6.416666667,2,1,5,0,5,0
167,209,18.36309524,30.46130952,28.42261905,41.2797619,21.95492072,18.68772868,37.74920255,40.66715921,20.15900798,24.5745191,33.0859108,40.97346056,6,2,2,3,1,6,0
168,210,16.51785714,18.13988095,27.64880952,34.77678571,10.05804954,21.88139131,38.39349376,53.82528849,13.28795334,20.01063613,33.02115164,44.3010371,5.583333333,1,2,4,0,6,0
169,211,19.53869048,26.32440476,30.74404762,40.58035714,14.35465334,20.18294399,21.3439347,41.98658411,16.94667191,23.25367438,26.04399116,41.28347063,6,2,1,4,0,5,0
170,212,28.42261905,28.66071429,39.91071429,43.61607143,24.35559152,32.06374894,47.95220002,49.7626419,26.38910528,30.36223162,43.93145715,46.68935666,6.083333333,2,1,3,1,2,2
171,213,29.36011905,32.14285714,41.41369048,56.16071429,25.30373393,22.62782625,24.0393095,36.82357632,27.33192649,27.3853417,32.72649999,46.4921453,6.416666667,2,1,3,1,4,0
172,215,13.11011905,18.34821429,18.54166667,38.64583333,11.60732714,27.76984239,42.37792007,59.32568721,12.35872309,23.05902834,30.45979337,48.98576027,5.666666667,1,1,3,1,3,1
173,216,26.63690476,26.08630952,34.36011905,44.38988095,25.56396003,37.49566094,37.40160897,67.06257623,26.1004324,31.79098523,35.88086401,55.72622859,5.75,2,1,2,2,1,2
174,219,23.58630952,26.51785714,29.41964286,41.86011905,22.59815649,35.64464302,44.42642368,46.83741439,23.09223301,31.08125008,36.92303327,44.34876672,5.833333333,2,2,2,2,2,2
175,221,31.11607143,28.22916667,35.86309524,59.04761905,30.33821184,33.93599306,48.73792101,64.74727929,30.72714163,31.08257986,42.30050812,61.89744917,5.666666667,1,1,3,1,3,1
176,222,20.0297619,20.69940476,30.13392857,33.7202381,9.21275448,15.08994746,24.48165869,30.23325359,14.62125819,17.89467611,27.30779363,31.97674584,6.5,1,2,4,0,5,0
177,223,8.660714286,17.35119048,27.55952381,28.18452381,13.6980486,20.33211371,30.73165869,31.80364012,11.17938144,18.84165209,29.14559125,29.99408196,5.666666667,2,2,5,0,6,0
178,227,15.32738095,23.02083333,33.61607143,44.58333333,10.77845014,21.68484379,32.36560653,51.79261657,13.05291554,22.35283856,32.99083898,48.18797495,5.583333333,1,2,2,2,2,2
179,228,12.42559524,19.19642857,27.11309524,37.73809524,15.34243362,20.8051881,30.28532226,42.74146261,13.88401443,20.00080834,28.69920875,40.23977893,5.75,2,1,2,2,1,2
180,230,23.18452381,33.75,46.77083333,66.60714286,20.06989399,37.74861619,49.73344122,62.99793602,21.6272089,35.7493081,48.25213728,64.80253944,6.083333333,1,1,3,1,5,0
181,231,26.71130952,24.52380952,31.47321429,55.80357143,22.02329018,24.60502861,36.48888263,39.7252322,24.36729985,24.56441907,33.98104846,47.76440181,5.75,1,1,1,2,2,2
182,232,27.55952381,33.48214286,40.08928571,58.82440476,20.19279482,30.5304203,39.87745098,48.73991463,23.87615932,32.00628158,39.98336835,53.78215969,5.75,1,1,1,2,2,2
183,235,15.46130952,22.51488095,32.05357143,39.12202381,12.07524158,21.48700629,47.33312224,51.37981987,13.76827555,22.00094362,39.69334684,45.25092184,6.166666667,1,1,3,1,3,1
184,236,21.39880952,29.7172619,36.60714286,69.52380952,46.58211371,55.73611502,64.98850736,86.64508866,33.99046162,42.72668846,50.79782511,78.08444909,6.5,2,1,2,2,2,2
185,238,17.1577381,16.91964286,28.66071429,34.94047619,14.65393095,25.19842387,41.09144854,46.41535322,15.90583452,21.05903336,34.87608141,40.67791471,6.25,1,2,6,0,4,0
186,239,20.6547619,26.71130952,33.66071429,57.67857143,14.49913219,48.1235341,58.29006004,66.10423117,17.57694705,37.41742181,45.97538716,61.8914013,5.833333333,1,1,2,2,2,2
187,240,22.09821429,29.6875,38.42261905,55.23809524,19.8199878,33.77861432,51.07280233,68.95018294,20.95910104,31.73305716,44.74771069,62.09413909,5.666666667,1,1,2,2,3,1
188,241,14.74702381,20.6547619,27.12797619,38.89880952,12.68200582,24.51601933,34.85528661,45.42593114,13.71451481,22.58539062,30.9916314,42.16237033,6.333333333,1,2,3,1,3,1
189,243,30.86309524,32.45535714,40.77380952,56.36904762,36.21599118,44.30047378,53.23717047,70.9623323,33.53954321,38.37791546,47.00549,63.66568996,6.25,2,1,2,2,2,2
190,244,22.44047619,38.13988095,38.75,55.83333333,18.57045689,28.54313256,34.70670326,43.83666385,20.50546654,33.34150676,36.72835163,49.83499859,6.25,2,2,3,1,6,0
191,246,15.47619048,32.1577381,34.49404762,51.17559524,19.89914626,31.26266535,40.19302936,50.58377897,17.68766837,31.71020172,37.34353849,50.8796871,5.833333333,2,1,2,2,3,1
192,247,26.57738095,25.32738095,36.02678571,40.26785714,7.363730181,12.12203302,17.63005441,23.34775776,16.97055557,18.72470699,26.82842006,31.80780745,5.916666667,1,2,3,1,6,0
193,248,18.51190476,19.15178571,31.57738095,39.12202381,16.78112393,18.8934234,37.20928323,38.43043437,17.64651435,19.02260456,34.39333209,38.77622909,5.916666667,2,2,6,0,6,0
194,250,17.72321429,25.35714286,31.5625,38.24404762,11.15125715,15.21953279,37.05647809,46.42192044,14.43723572,20.28833782,34.30948905,42.33298403,5.5,2,2,3,1,3,1
195,251,6.101190476,20.56547619,21.68154762,40.95238095,4.705882353,12.15135097,22.33898583,28.75750539,5.403536415,16.35841358,22.01026673,34.85494317,5.75,2,2,5,0,6,0
196,252,20.0297619,27.24702381,30.01488095,39.46428571,15.90698002,29.21205085,38.22169059,54.73238578,17.96837096,28.22953733,34.11828577,47.09833575,5.75,1,2,4,0,#,#
197,254,19.19642857,28.0952381,24.64285714,34.25595238,15.08994746,31.77174219,41.25797448,52.24622385,17.14318802,29.93349014,32.95041581,43.25108811,6.25,1,2,4,0,3,1
198,255,20.71428571,26.875,29.41964286,48.67559524,19.99120462,39.77507271,43.51475279,58.82270851,20.35274517,33.32503635,36.46719782,53.74915187,5.916666667,2,1,3,1,2,2
199,256,32.23214286,30.68452381,37.12797619,60.83333333,22.21045595,29.63024205,38.24432405,64.30504738,27.2212994,30.15738293,37.68615012,62.56919036,6.333333333,2,1,2,2,2,2
200,260,22.48511905,34.62797619,36.69642857,43.33333333,31.44842387,59.58321606,75.61051693,89.01386153,26.96677146,47.10559613,56.15347275,66.17359743,6.666666667,2,1,2,2,2,2
201,265,22.23214286,28.03571429,37.38095238,48.89880952,17.21714044,22.91748757,32.07453795,46.82873628,19.72464165,25.47660093,34.72774517,47.8637729,6.416666667,1,1,3,1,3,1
202,267,15.77380952,23.95833333,26.75595238,36.66666667,11.13788817,24.37517591,36.11607562,38.11426963,13.45584885,24.16675462,31.436014,37.39046815,6.25,2,1,5,0,6,0
203,270,24.27083333,29.6577381,37.2172619,50.87797619,18.86152547,37.37897551,35.30267849,52.62618445,21.5661794,33.5183568,36.2599702,51.75208032,6.333333333,2,1,3,1,5,0
204,271,24.28571429,30.3422619,35.25297619,54.53869048,25.98660756,33.18217,32.27249273,61.14422085,25.13616092,31.76221595,33.76273446,57.84145566,6,2,1,2,2,2,2
